State,Clicks,featured ,Ease of finding ,Starter Webpage,,
TN,1,TRUE,1,Opportunities for Pro Bono Service in Tennessee,,
WI,4,FALSE,0,https://www.wisbar.org/forMembers/ProBono/Pages/Volunteer.aspx,,
FL,1,TRUE,1,https://www.floridabar.org/member/probono/,,
NC,3,TRUE,1,https://www.ncbar.org/about/ncbf/,,
MO,2,TRUE,1,https://mobar.org/site/content/Lawyer-Resources/Pro_Bono_Resources.aspx,,
VA,2,FALSE,0,https://www.vba.org/page/pro_bono_resources,,
NY,1,TRUE,1,https://nysba.org/pro-bono-services/,,
SC,2,TRUE,1,https://www.scbar.org/lawyers/bar-programs/pro-bono-program/,,
IL,1,TRUE,1,https://www.isba.org/probono,,
MA,1,TRUE,1,https://massprobono.org/opportunities/,,
IN,1,TRUE,1,https://www.inbar.org/page/lowincomelegal,,
TX,4,FALSE,0,https://www.texasbar.com/AM/Template.cfm?Section=Care_Campaign&Template=/CM/HTMLDisplay.cfm&ContentID=24333,,
OK,2,FALSE,0,https://www.okbar.org/outreach/,,\
AZ,3,FALSE,0,"https://probono.azbf.org/for-attorneys#:~:text=process%20in%20Arizona.-,Current,-Pro%20Bono%20Opportunities",,
GA,4,FALSE,0,,,